post_id,date,platform,content,sentiment_score
e18d46b8-c3bd-4c0c-90a5-c150e2cd4fc3,2025-12-21 01:16:00.000000,Instagram,Amazing quality on the Neon X-1.,0.6000000000000001
60dc6111-c357-4e7e-8ea4-6ae59aee3da8,2025-12-13 08:05:13.000000,Twitter,Amazing quality on the SmartWatch Z.,0.6000000000000001
49793915-eaf3-4fec-b8fa-88d37097e81f,2025-12-25 19:21:34.000000,Reddit,Best purchase ever!,1.0
a8406608-2fbc-4a61-88b5-f5ad79193efc,2025-12-28 10:16:51.000000,Twitter,TrendPulse brand is killing it!,0.0
d87db267-ba4b-4171-a23b-4c698aecb814,2025-12-19 06:42:43.000000,Instagram,Best purchase ever!,1.0
cf878560-1108-4fc7-9fcd-6508fae53bd4,2026-01-02 23:00:13.000000,Reddit,Customer service is bad.,-0.6999999999999998
932270ea-41b7-4658-81ed-32e2cdd7ea74,2025-12-31 19:25:43.000000,Instagram,Best purchase ever!,1.0
1e992a39-aa40-4cdc-b660-63bbd1ad6967,2025-12-19 17:47:30.000000,Reddit,Love the new Eco-Hoodie!,0.3352272727272727
63098080-f22a-4efb-a636-17a13dc0838b,2025-12-20 02:55:34.000000,Instagram,Amazing quality on the Eco-Hoodie.,0.6000000000000001
fc89bea8-db3f-4bff-92b4-dee62c105967,2025-12-18 16:03:12.000000,Twitter,Best purchase ever!,1.0
f8e378d2-4ed0-42d4-adba-98cfdcb47398,2026-01-04 01:06:26.000000,Instagram,The Neon X-1 broke in two days.,0.0
4a1fbf9f-a8d8-4253-a83d-bb36ca82465a,2025-12-18 04:02:56.000000,Twitter,TrendPulse brand is killing it!,0.0
1ea02a26-56ec-44d3-8169-6b05f1d9fec6,2025-12-24 22:52:12.000000,Instagram,Best purchase ever!,1.0
09b56909-8587-4841-8733-22b7729877de,2025-12-18 04:27:48.000000,Instagram,The Neon X-1 broke in two days.,0.0
43fdfd6e-310d-427b-8209-62a6d4378f0c,2026-01-07 20:35:37.000000,Instagram,Amazing quality on the Neon X-1.,0.6000000000000001
cb277b5e-2943-49c9-a4fe-a4b300a31ec8,2025-12-13 06:51:41.000000,Reddit,Hate the delivery time for SmartWatch Z.,-0.8
f23bd4e7-d811-4b1d-accc-f1df81be712b,2026-01-01 21:46:09.000000,Reddit,Hate the delivery time for Eco-Hoodie.,-0.8
d4e63a26-4225-49e6-a610-9e2e77b8efa7,2025-12-31 12:29:10.000000,Reddit,The Eco-Hoodie broke in two days.,0.0
4093d6ae-9c73-45fc-aaab-4254612e0f4e,2025-12-31 05:29:31.000000,Instagram,Best purchase ever!,1.0
9b35309b-fba3-4890-87e4-c6be4ecf0083,2025-12-16 09:41:30.000000,Twitter,Waste of money.,-0.2
c00960d7-d40f-4e07-b83f-05bf127b8d0a,2025-12-25 14:34:06.000000,Twitter,Customer service is bad.,-0.6999999999999998
548563cd-8b7a-412e-8091-4d4fc88dccc6,2025-12-12 21:21:00.000000,Twitter,TrendPulse brand is killing it!,0.0
7480fd7a-379d-4a8e-bd0e-0762546bb3c6,2025-12-21 16:29:13.000000,Instagram,Waste of money.,-0.2
8eb8725a-c956-4970-b902-e7b673e8a091,2025-12-20 12:19:56.000000,Twitter,Amazing quality on the Eco-Hoodie.,0.6000000000000001
0c964a84-acc9-427f-94d6-bf3b699d8a04,2026-01-03 00:53:05.000000,Reddit,Best purchase ever!,1.0
8e396eac-96a4-4734-aa4f-4c5141b89f99,2025-12-27 06:28:57.000000,Twitter,Amazing quality on the Neon X-1.,0.6000000000000001
8c2a307a-9d03-4179-b684-5bb547385a4d,2025-12-20 16:49:07.000000,Twitter,The Neon X-1 broke in two days.,0.0
4385e3f6-e2f4-427c-8cc7-6a3b0c9e21e4,2025-12-31 11:55:45.000000,Twitter,Amazing quality on the SmartWatch Z.,0.6000000000000001
626ac482-7d61-49fc-8f7f-3e9429cd996d,2025-12-31 13:54:14.000000,Reddit,TrendPulse brand is killing it!,0.0
4db3c38d-9e27-49e2-85f4-0ff01ab79a4e,2025-12-21 12:03:06.000000,Instagram,Best purchase ever!,1.0
e03e70a5-ff6a-46be-8250-e680f365cfd3,2026-01-08 15:14:10.000000,Twitter,Amazing quality on the Eco-Hoodie.,0.6000000000000001
2ac9247d-e2a2-47ce-89a5-6ff8595c2c5a,2025-12-17 19:18:45.000000,Instagram,Amazing quality on the SmartWatch Z.,0.6000000000000001
f68c285a-3662-468d-bbbd-4200dc995de3,2025-12-30 22:53:19.000000,Reddit,TrendPulse brand is killing it!,0.0
9c05bc0c-8dd8-4103-b65b-12fd5378198a,2025-12-12 19:29:43.000000,Reddit,TrendPulse brand is killing it!,0.0
00ff7d91-dd6c-45a5-b5c6-c6f94e259c4f,2025-12-29 02:27:07.000000,Reddit,Amazing quality on the Eco-Hoodie.,0.6000000000000001
8ae1f2c1-b249-4c0c-b761-bb85863972cd,2026-01-03 14:16:36.000000,Reddit,Customer service is bad.,-0.6999999999999998
cfd9de92-8aac-430d-93f8-59cb6ce0d7de,2025-12-30 06:47:33.000000,Reddit,Love the new SmartWatch Z!,0.3352272727272727
45e02876-2757-4edb-b828-725b589c7818,2025-12-20 16:26:13.000000,Instagram,Best purchase ever!,1.0
969ee9b2-5ba6-42da-bacf-a59acf2d901a,2026-01-01 13:51:43.000000,Instagram,Best purchase ever!,1.0
90b09652-2103-4488-ad2f-fc85ae4968bd,2025-12-30 17:17:45.000000,Reddit,Amazing quality on the Eco-Hoodie.,0.6000000000000001
e81615f9-885e-4486-96ac-8437ffa05ed8,2025-12-21 20:24:31.000000,Twitter,Love the new Neon X-1!,0.3352272727272727
0467cb46-34d7-4dea-a2e0-b9561341faa5,2025-12-30 21:31:39.000000,Instagram,Love the new Eco-Hoodie!,0.3352272727272727
144c4342-4ab3-4bc8-b641-73743e2c3d78,2025-12-27 01:38:34.000000,Twitter,Waste of money.,-0.2
33ab9d98-4691-4f8c-b6d9-1f1237053524,2025-12-24 16:22:20.000000,Twitter,Love the new Eco-Hoodie!,0.3352272727272727
21365236-abb3-4ef6-8aa3-1d9838a90913,2025-12-23 03:04:37.000000,Twitter,Best purchase ever!,1.0
1995fe54-223f-4433-8895-9485369ab115,2026-01-01 03:51:13.000000,Twitter,Customer service is bad.,-0.6999999999999998
b53b8b21-2c22-4e29-9564-6cccd4f9866b,2025-12-20 00:12:01.000000,Twitter,The SmartWatch Z broke in two days.,0.0
e465c019-6f2e-4160-9823-c6a44fef7680,2025-12-29 12:49:53.000000,Twitter,Amazing quality on the Neon X-1.,0.6000000000000001
aa46f29a-8d09-4401-ac0d-20cf6ca7b3b4,2025-12-29 19:27:25.000000,Twitter,Waste of money.,-0.2
275d4f55-bda4-4524-a002-8b0cc5fb6e7f,2025-12-12 13:24:51.000000,Reddit,Amazing quality on the Neon X-1.,0.6000000000000001
6da4877f-8ab7-4ec3-a35d-b168d5f3983c,2025-12-30 08:41:02.000000,Twitter,TrendPulse brand is killing it!,0.0
0ac0cfd5-943b-44c5-b565-a4cf55e7443b,2025-12-23 07:06:04.000000,Twitter,Best purchase ever!,1.0
dfae6a9a-86dd-48f7-9901-1f7310bb9f9a,2025-12-19 21:00:50.000000,Reddit,Amazing quality on the Neon X-1.,0.6000000000000001
fe89e036-a8f3-4f44-81c9-6b5f26eccce1,2025-12-15 19:21:08.000000,Twitter,TrendPulse brand is killing it!,0.0
ebadd042-d65b-4422-b3af-d6b6531f0a7b,2026-01-02 20:19:16.000000,Twitter,Hate the delivery time for Eco-Hoodie.,-0.8
303e6fcb-b11b-4883-8a74-52700109ea7d,2026-01-01 17:35:30.000000,Reddit,Love the new SmartWatch Z!,0.3352272727272727
fa13080e-e98d-453e-9e86-55f3559f4689,2026-01-03 19:23:09.000000,Reddit,Love the new Neon X-1!,0.3352272727272727
d5599101-e625-46c8-8f1e-1bab4113ba3e,2025-12-11 05:54:48.000000,Twitter,Love the new Neon X-1!,0.3352272727272727
14bfd137-7ccd-4b51-9c4d-bfc79cbeae92,2026-01-01 22:56:26.000000,Twitter,Hate the delivery time for Neon X-1.,-0.8
1b82a0ef-bc66-4d7d-a9e4-ff8666c0c09b,2025-12-20 22:11:06.000000,Twitter,Amazing quality on the Eco-Hoodie.,0.6000000000000001
532fe508-c4fb-4c22-a5f3-7b00cd318f07,2026-01-02 19:29:18.000000,Instagram,TrendPulse brand is killing it!,0.0
a6bcfe36-de2a-412a-a391-17418f3a1661,2025-12-13 04:02:49.000000,Twitter,TrendPulse brand is killing it!,0.0
276e1d11-e0fa-458c-99df-2580a564348e,2025-12-29 16:20:20.000000,Instagram,Hate the delivery time for SmartWatch Z.,-0.8
0084b25d-a3e3-4722-9d15-ca0c3aa434cb,2025-12-23 06:05:23.000000,Reddit,Waste of money.,-0.2
e3803e28-5b37-422b-ab5f-e4f270ce7b8f,2025-12-30 11:47:42.000000,Reddit,Customer service is bad.,-0.6999999999999998
5ac85e91-82d4-4b44-8800-0887e22da493,2026-01-04 19:05:25.000000,Reddit,Love the new Eco-Hoodie!,0.3352272727272727
939332b1-8d64-4799-ac7e-6821f0e0c731,2026-01-07 00:03:02.000000,Reddit,Love the new Eco-Hoodie!,0.3352272727272727
76a71e09-9580-4ecd-8e3e-3a69c45f002b,2026-01-07 11:20:33.000000,Reddit,Love the new SmartWatch Z!,0.3352272727272727
668fb796-ff25-47c2-9b53-7bb5e7186e88,2025-12-15 19:40:15.000000,Twitter,Hate the delivery time for SmartWatch Z.,-0.8
93291d29-024e-48c9-b7c7-87a87e1ad43f,2025-12-30 23:43:19.000000,Twitter,Best purchase ever!,1.0
17ccb00c-cca0-421c-9e4a-feb52552cd39,2025-12-23 10:35:21.000000,Reddit,Hate the delivery time for Neon X-1.,-0.8
40af96bb-2142-4282-99e5-f3339f49b30d,2025-12-28 05:53:56.000000,Twitter,Amazing quality on the SmartWatch Z.,0.6000000000000001
3b71cddb-a528-4b08-b684-dc55bea195fa,2026-01-01 19:24:53.000000,Reddit,Best purchase ever!,1.0
b53a3722-01ba-4709-a6f8-f2cc76fd8231,2025-12-19 02:25:44.000000,Twitter,Waste of money.,-0.2
84c0fd81-de02-4254-b183-c9be316f2294,2025-12-29 07:20:53.000000,Twitter,Customer service is bad.,-0.6999999999999998
53573f3b-2dbd-41e0-8f08-5dba9a1ff4f3,2026-01-06 18:25:44.000000,Reddit,Hate the delivery time for Eco-Hoodie.,-0.8
35c6f719-a324-4515-91fe-3b05855e9cde,2025-12-18 21:47:44.000000,Reddit,Customer service is bad.,-0.6999999999999998
5a6fcfdd-1f1a-4ed5-9a9c-c26c71538c96,2025-12-26 13:29:25.000000,Instagram,TrendPulse brand is killing it!,0.0
94ebb45a-70e9-4ab3-9500-8d15b54aba14,2026-01-03 07:31:50.000000,Instagram,Amazing quality on the Neon X-1.,0.6000000000000001
fc712386-7beb-4c82-afde-d8d486c74cb8,2025-12-17 14:50:23.000000,Twitter,Amazing quality on the Eco-Hoodie.,0.6000000000000001
1fb5b994-3354-4722-bac7-4d99c00ec112,2026-01-07 03:37:56.000000,Reddit,Amazing quality on the SmartWatch Z.,0.6000000000000001
f7d313de-be49-492d-9c1e-0ec9ed21c5c2,2026-01-03 01:06:49.000000,Reddit,Amazing quality on the Eco-Hoodie.,0.6000000000000001
4f87869d-bd40-42c5-ba9c-0f2a634116fe,2025-12-28 00:40:02.000000,Instagram,Best purchase ever!,1.0
a632c4be-535f-48d6-8cf3-5fa5f35d9ca2,2025-12-26 09:06:30.000000,Instagram,Waste of money.,-0.2
3223203a-f2a7-4fca-aef3-e5ff757180da,2025-12-13 23:23:19.000000,Reddit,Amazing quality on the Neon X-1.,0.6000000000000001
9e2b9ea2-0fc8-4d11-857e-19be030cc79e,2025-12-20 08:08:40.000000,Twitter,Amazing quality on the SmartWatch Z.,0.6000000000000001
35b10da4-15a6-4478-9981-1a0392af0e5e,2025-12-13 09:49:09.000000,Twitter,Best purchase ever!,1.0
8e00e2ae-8eca-436a-b0f5-e6a00587ec14,2026-01-07 12:18:42.000000,Twitter,Customer service is bad.,-0.6999999999999998
95943abe-93ef-48eb-9083-9d07bdc501cd,2025-12-31 18:41:16.000000,Twitter,TrendPulse brand is killing it!,0.0
cef31d90-948a-4434-ae35-9eedd9976c94,2025-12-13 22:48:14.000000,Twitter,Best purchase ever!,1.0
b6a115eb-83c0-4279-9b96-dfbaa8fd5b3d,2025-12-21 17:05:23.000000,Twitter,TrendPulse brand is killing it!,0.0
0d46c9bd-45fd-4529-8324-3ff98a00ded5,2025-12-27 01:30:44.000000,Twitter,TrendPulse brand is killing it!,0.0
fbd79466-e5c7-4748-843a-ee89c6436e36,2025-12-11 23:42:41.000000,Reddit,Customer service is bad.,-0.6999999999999998
c9fd0e78-4b6b-4cfe-b246-16dbba64014b,2025-12-18 11:35:18.000000,Reddit,Customer service is bad.,-0.6999999999999998
d6872bfc-8434-434b-9f01-01d523bcc358,2025-12-22 13:03:46.000000,Instagram,The Eco-Hoodie broke in two days.,0.0
086159f8-2dc2-49c2-91e9-2c989afcba93,2025-12-14 16:14:03.000000,Instagram,The SmartWatch Z broke in two days.,0.0
cb86c9d8-060c-4cda-8598-34dda797b72e,2025-12-13 16:17:03.000000,Instagram,Amazing quality on the SmartWatch Z.,0.6000000000000001
9c76d0aa-c906-4a85-a64b-892dc9d662e2,2025-12-29 23:36:09.000000,Twitter,Best purchase ever!,1.0
ac937bed-c3e8-4613-bf21-bb201033680f,2025-12-21 03:01:01.000000,Instagram,Hate the delivery time for SmartWatch Z.,-0.8
ffa42732-f0da-4461-ba12-1d2f301da7f2,2025-12-19 18:03:34.000000,Reddit,Love the new Neon X-1!,0.3352272727272727
7617a36f-66b3-49cb-9a66-feaa77d60d3e,2025-12-25 07:43:12.000000,Twitter,Hate the delivery time for Eco-Hoodie.,-0.8
f72caf9c-7170-49ec-8f97-cab44a09e116,2025-12-31 10:10:48.000000,Instagram,Love the new Neon X-1!,0.3352272727272727
346fc384-73a8-45f8-acc2-c15059b03a26,2026-01-06 05:05:02.000000,Twitter,Amazing quality on the Neon X-1.,0.6000000000000001
98ca767a-b202-4e76-9b54-c077d1d0c52e,2026-01-04 19:22:43.000000,Instagram,Love the new Eco-Hoodie!,0.3352272727272727
264c0a3d-35ae-4987-984f-6e82b7597693,2025-12-16 17:46:09.000000,Twitter,Customer service is bad.,-0.6999999999999998
d4c541ea-865e-42b8-9805-71d4e45312d9,2025-12-29 01:49:58.000000,Instagram,Love the new Neon X-1!,0.3352272727272727
22e3fbaa-355e-457b-b400-67a3799577e3,2025-12-12 08:03:28.000000,Twitter,Love the new Eco-Hoodie!,0.3352272727272727
c5ac3dc7-7234-4fc5-a1c0-eec79301b528,2025-12-25 15:30:31.000000,Reddit,Love the new SmartWatch Z!,0.3352272727272727
5915d29a-ef87-4c7b-ada0-f6c4643837df,2025-12-22 00:04:20.000000,Reddit,Amazing quality on the SmartWatch Z.,0.6000000000000001
4cf275b0-da10-4bb8-9419-9355fbd05a77,2025-12-20 09:04:38.000000,Instagram,The Neon X-1 broke in two days.,0.0
9ea17cd9-8ecf-440f-94dd-5856de9dcdff,2025-12-20 00:48:32.000000,Reddit,Amazing quality on the SmartWatch Z.,0.6000000000000001
a21d9d98-4aa2-429f-a4b5-1ed6be470dd4,2025-12-22 04:03:09.000000,Twitter,TrendPulse brand is killing it!,0.0
86ce20ba-0158-47a7-9af7-85708fbd5041,2025-12-23 13:42:40.000000,Twitter,Amazing quality on the Eco-Hoodie.,0.6000000000000001
1d055fbb-0d24-4b0f-82a4-cf992ad0a4c2,2025-12-17 16:01:51.000000,Reddit,Hate the delivery time for SmartWatch Z.,-0.8
41b202de-fe4f-4094-b968-7c1a3fa3b0f8,2025-12-19 02:42:51.000000,Instagram,Hate the delivery time for SmartWatch Z.,-0.8
66d901ae-804f-4dfc-a614-a99befafe145,2025-12-20 09:40:51.000000,Twitter,Amazing quality on the Neon X-1.,0.6000000000000001
ace48773-6329-4470-954d-26c7207992fd,2026-01-03 09:53:16.000000,Instagram,Love the new Neon X-1!,0.3352272727272727
12514da8-c935-48a2-9292-3e450634a702,2025-12-25 23:13:13.000000,Instagram,Customer service is bad.,-0.6999999999999998
6ec60812-c829-4722-9695-f1292d9af666,2025-12-21 02:13:22.000000,Twitter,Waste of money.,-0.2
5c928c6c-578e-4fb6-a35f-7981e0429552,2025-12-12 15:15:09.000000,Instagram,Best purchase ever!,1.0
6a40ac74-6474-4bd2-b065-0216920ca892,2025-12-19 05:41:59.000000,Reddit,Hate the delivery time for Neon X-1.,-0.8
878beead-b6a4-4230-8277-d8641d069134,2026-01-01 03:57:42.000000,Reddit,Waste of money.,-0.2
381ca128-7771-4b08-b855-715433e9fc84,2026-01-06 15:14:41.000000,Twitter,Customer service is bad.,-0.6999999999999998
22774dda-11fd-407f-a2ae-da92787f6c65,2025-12-10 07:23:46.000000,Twitter,Amazing quality on the SmartWatch Z.,0.6000000000000001
93e33437-6333-49eb-a613-984580203717,2025-12-28 23:55:48.000000,Instagram,The SmartWatch Z broke in two days.,0.0
e2d5c757-3ac5-43da-8c7d-3048df36557b,2025-12-20 14:12:56.000000,Reddit,Hate the delivery time for Eco-Hoodie.,-0.8
e53e3075-ef69-4879-80b9-901862c0c5d7,2026-01-01 04:40:24.000000,Reddit,Love the new Eco-Hoodie!,0.3352272727272727
3acafcf5-0845-4470-8d77-f67c8f47bbac,2025-12-28 09:50:21.000000,Instagram,TrendPulse brand is killing it!,0.0
ec539fc3-dffa-4fef-b784-b49b1f4c04e3,2025-12-20 09:45:25.000000,Reddit,Hate the delivery time for Neon X-1.,-0.8
bea4c25e-5a31-4fa0-8553-e893c78cf1de,2025-12-15 20:53:21.000000,Twitter,Hate the delivery time for Eco-Hoodie.,-0.8
6fb4d9b5-64b8-441a-b3eb-6b74b1f68d22,2025-12-12 23:21:16.000000,Reddit,Hate the delivery time for SmartWatch Z.,-0.8
13c0d425-8fcb-4370-8edf-6149e1cabb64,2025-12-27 04:16:15.000000,Instagram,Love the new Eco-Hoodie!,0.3352272727272727
6b49c39a-4e85-4036-8c4f-6dada626539e,2025-12-27 18:42:46.000000,Instagram,Love the new Eco-Hoodie!,0.3352272727272727
20c34912-a6b2-44d9-9745-2ffbf6553ab2,2025-12-29 12:19:11.000000,Reddit,Amazing quality on the Neon X-1.,0.6000000000000001
bbb3541c-5565-49a2-8914-1800c8141fdc,2025-12-11 23:37:58.000000,Twitter,Love the new SmartWatch Z!,0.3352272727272727
df7d84f6-24a7-48b0-8be5-2d692dfc9a6e,2026-01-03 09:05:35.000000,Reddit,Customer service is bad.,-0.6999999999999998
3184b5bf-80b1-402f-8236-990f3d28b4ac,2026-01-07 19:24:47.000000,Twitter,Best purchase ever!,1.0
65c11a55-0747-4e1c-ad8b-ba4274931944,2026-01-03 14:33:04.000000,Twitter,Love the new SmartWatch Z!,0.3352272727272727
9cbbfa54-04c4-47f2-bd91-b9c5d189cd14,2025-12-18 00:43:02.000000,Twitter,Love the new Neon X-1!,0.3352272727272727
d1ee6db2-f328-4e23-b21d-e8592175e1ab,2026-01-04 22:05:31.000000,Instagram,TrendPulse brand is killing it!,0.0
fd82a6f8-100f-4a5b-b6ed-887d3aaf878a,2026-01-01 00:46:53.000000,Reddit,The SmartWatch Z broke in two days.,0.0
9379af61-b8ca-4f86-9822-a7a7bc37cdf7,2026-01-04 20:17:43.000000,Reddit,Amazing quality on the Eco-Hoodie.,0.6000000000000001
15cee19b-d236-4095-9d3a-b59d89309dda,2025-12-10 04:06:26.000000,Reddit,Waste of money.,-0.2
9b89915c-cb48-4ce4-977c-85e05354b4af,2026-01-06 17:49:27.000000,Twitter,TrendPulse brand is killing it!,0.0
08344aac-993e-475c-8cb6-175208682c41,2025-12-16 00:24:55.000000,Reddit,Customer service is bad.,-0.6999999999999998
bd3e717f-a099-4f9a-ac03-7e2bdd40c4d8,2025-12-15 09:22:52.000000,Reddit,Customer service is bad.,-0.6999999999999998
e87052f2-8e66-46e5-b49d-7923d1f01b03,2026-01-02 07:49:49.000000,Instagram,Customer service is bad.,-0.6999999999999998
823f8c7c-473c-4179-a850-7fcfb26c5096,2026-01-03 11:04:23.000000,Instagram,Waste of money.,-0.2
64f45e4a-d2f0-4f2d-a09d-a5d55aa9f1d9,2025-12-13 00:00:36.000000,Reddit,Customer service is bad.,-0.6999999999999998
53123102-dab8-4802-8e5b-dd582d4aea79,2025-12-26 12:46:14.000000,Instagram,Love the new Neon X-1!,0.3352272727272727
3d8b51bf-052a-4a40-9194-0babcadc136f,2025-12-19 22:56:05.000000,Instagram,Waste of money.,-0.2
043cc55f-851c-4800-a7a1-c609e3aef29d,2025-12-23 05:41:11.000000,Instagram,Amazing quality on the Eco-Hoodie.,0.6000000000000001
e6dfc177-0120-438c-91b9-067578e73fd6,2025-12-19 01:50:18.000000,Twitter,Best purchase ever!,1.0
05eeae90-6f36-415c-9377-799e378a52f0,2025-12-30 15:34:48.000000,Instagram,Best purchase ever!,1.0
572d21ec-305a-4ce5-8725-2971f4847fe8,2026-01-07 07:13:14.000000,Instagram,Love the new Eco-Hoodie!,0.3352272727272727
01052504-61a6-481f-9644-62f4ae4bd720,2026-01-01 16:13:59.000000,Instagram,The SmartWatch Z broke in two days.,0.0
aa86b790-c4b0-4ba0-a62b-9b986273506e,2025-12-17 05:19:41.000000,Instagram,The Eco-Hoodie broke in two days.,0.0
b1d37d9e-73d0-4ecb-ab6c-265c16f9efdc,2026-01-05 10:06:01.000000,Twitter,Best purchase ever!,1.0
7fe289cf-969e-4cce-8b3d-2ed21a0f2c32,2025-12-16 22:03:23.000000,Reddit,Customer service is bad.,-0.6999999999999998
50b6d769-4092-47ec-874c-635a78584b5f,2025-12-16 19:04:58.000000,Reddit,Amazing quality on the SmartWatch Z.,0.6000000000000001
1adb0ced-9abd-47a9-8c22-084bf23604aa,2025-12-20 22:04:13.000000,Reddit,Love the new SmartWatch Z!,0.3352272727272727
a9ff4346-dc05-4a34-99c0-03c4a5b7dace,2026-01-08 10:43:27.000000,Instagram,Best purchase ever!,1.0
170b4f14-83e9-42d3-af8e-aab85b752b12,2025-12-27 10:58:07.000000,Twitter,Amazing quality on the Eco-Hoodie.,0.6000000000000001
9d13bea3-762b-49d3-9f64-653ad08301d2,2026-01-02 21:03:17.000000,Twitter,Best purchase ever!,1.0
6ae08ebd-af9b-4ab6-a2ae-7ae8f85b469b,2025-12-18 06:15:18.000000,Reddit,Amazing quality on the SmartWatch Z.,0.6000000000000001
62f20253-649b-4c1c-a90e-509a4ea52c25,2025-12-11 00:29:51.000000,Instagram,Best purchase ever!,1.0
c37b06dd-60d3-4436-b852-8a41143256f5,2025-12-16 08:49:22.000000,Twitter,Love the new Eco-Hoodie!,0.3352272727272727
009df9f9-66e3-4d26-b6e3-ce226911eeda,2026-01-05 12:10:12.000000,Instagram,The Neon X-1 broke in two days.,0.0
c6b47e70-7002-4bd7-8e8a-cd9eec0777c2,2026-01-05 20:45:30.000000,Reddit,Best purchase ever!,1.0
f0b24549-f006-4df4-bde3-2e5876bd7f24,2026-01-02 02:54:56.000000,Reddit,Amazing quality on the Eco-Hoodie.,0.6000000000000001
b511a897-f827-4084-9d29-3a43dc8050c9,2025-12-12 06:52:06.000000,Instagram,Customer service is bad.,-0.6999999999999998
56f90a87-7564-4a55-bbd2-c9713df27e1c,2025-12-31 06:04:41.000000,Instagram,Love the new Eco-Hoodie!,0.3352272727272727
02c20b06-d49d-4017-81d5-0b15fbbc5c39,2025-12-15 05:03:28.000000,Instagram,TrendPulse brand is killing it!,0.0
a2071d27-f347-45ef-9cfe-f92fee446850,2025-12-30 14:09:16.000000,Reddit,TrendPulse brand is killing it!,0.0
535303e8-ed27-4f8a-b04d-c7ef5a160c8c,2025-12-12 16:01:33.000000,Instagram,TrendPulse brand is killing it!,0.0
e9d0db50-ef9b-4ec9-998b-254e0813ee10,2025-12-20 02:28:08.000000,Reddit,Amazing quality on the Neon X-1.,0.6000000000000001
ba9c89bd-5059-4bb9-a5cd-cc2f5c14cf4d,2025-12-27 11:20:30.000000,Instagram,Best purchase ever!,1.0
bf58ba4e-12c7-4263-ae1b-89643b3a7676,2026-01-05 23:35:33.000000,Instagram,TrendPulse brand is killing it!,0.0
c03ad220-025a-4d14-9823-851ee989c306,2025-12-27 04:51:35.000000,Instagram,Best purchase ever!,1.0
e67bd7a5-9709-40ad-9e20-19dc676892e4,2025-12-21 04:16:52.000000,Reddit,Amazing quality on the SmartWatch Z.,0.6000000000000001
acae5217-035f-43ac-872b-3f7ecf5269a4,2026-01-01 19:43:01.000000,Instagram,Waste of money.,-0.2
65c283b2-32a2-42e8-bc5e-cc959d26d894,2025-12-22 10:44:59.000000,Twitter,TrendPulse brand is killing it!,0.0
28c8e0ef-8569-478d-85d3-9af0ac48b5ec,2025-12-10 16:12:54.000000,Instagram,Love the new SmartWatch Z!,0.3352272727272727
f2298a0d-3359-43db-abe1-d82e6c4a2a03,2026-01-01 10:22:13.000000,Reddit,Waste of money.,-0.2
d4b4186b-28da-4f63-b982-840b7c803370,2025-12-24 11:16:32.000000,Twitter,TrendPulse brand is killing it!,0.0
5235a81e-e902-4fda-b357-cf5993ec8962,2025-12-14 00:31:04.000000,Reddit,Hate the delivery time for Neon X-1.,-0.8
ee8d9c3c-8d6a-427a-816b-eb53e02fb835,2026-01-05 11:28:19.000000,Reddit,Love the new SmartWatch Z!,0.3352272727272727
63d6d7d8-5d66-4e9e-adb9-f8363761233e,2026-01-08 12:21:37.000000,Instagram,Love the new Eco-Hoodie!,0.3352272727272727
75913325-fca5-4b74-a538-d31ab8a3b5f0,2025-12-12 06:19:33.000000,Reddit,TrendPulse brand is killing it!,0.0
f8860fa3-fd9d-43a5-9d58-7769896312b9,2026-01-04 11:08:19.000000,Twitter,Best purchase ever!,1.0
1cbf9073-9833-4724-914d-741902224925,2025-12-22 23:35:30.000000,Reddit,Amazing quality on the SmartWatch Z.,0.6000000000000001
26851240-1635-4eb6-8072-2f3ceefcb4df,2025-12-30 19:04:41.000000,Twitter,The Eco-Hoodie broke in two days.,0.0
67e72bf1-4534-471a-bd12-583df092a1aa,2025-12-26 00:31:11.000000,Instagram,Customer service is bad.,-0.6999999999999998
c285f785-2f75-494c-a6d6-99bc9e19ed7b,2025-12-23 18:15:47.000000,Reddit,TrendPulse brand is killing it!,0.0
cc36766d-6aa4-4cc2-9125-19ff11293ac5,2026-01-06 14:31:03.000000,Instagram,TrendPulse brand is killing it!,0.0
f953377b-253f-4b49-8d31-6d4b4239f66c,2025-12-25 20:20:00.000000,Instagram,Customer service is bad.,-0.6999999999999998
c1b419a8-0f35-4573-ab86-a5ae9d08da35,2025-12-09 21:43:40.000000,Twitter,Best purchase ever!,1.0
3fdcf989-14ce-4faa-aa7e-093974f9fc54,2026-01-01 05:05:51.000000,Twitter,Waste of money.,-0.2
587055a5-2695-4488-b16b-d777aa18e3b1,2025-12-25 07:17:29.000000,Twitter,TrendPulse brand is killing it!,0.0
0f9305ef-6d50-4aa4-82c3-e65183b1a33a,2025-12-23 10:50:58.000000,Twitter,Amazing quality on the Neon X-1.,0.6000000000000001
89e77ca7-4ab4-4b9b-80e7-b49b72b4aabb,2025-12-17 00:20:28.000000,Twitter,Love the new SmartWatch Z!,0.3352272727272727
13446289-4a81-4477-90dd-d35820f373e7,2025-12-12 04:05:30.000000,Instagram,Waste of money.,-0.2
02f47e8d-e2d4-4636-92f9-207d98b8a74d,2026-01-03 16:37:56.000000,Instagram,Amazing quality on the SmartWatch Z.,0.6000000000000001
f1cc45e2-5b29-45a7-980d-b4481d857827,2025-12-12 23:37:05.000000,Twitter,Amazing quality on the Neon X-1.,0.6000000000000001
62efd621-af71-4c27-8aba-75508d4f986d,2025-12-16 03:21:54.000000,Reddit,TrendPulse brand is killing it!,0.0
1205fb57-6689-4a11-8d28-1c7f9ae8ec56,2026-01-02 08:27:30.000000,Instagram,TrendPulse brand is killing it!,0.0
ef52af14-a42a-4fc3-8e5f-41b255105414,2026-01-08 12:39:54.000000,Instagram,Waste of money.,-0.2
35a924e1-b482-43c3-b730-6f93bb2a31f5,2025-12-16 23:19:35.000000,Instagram,Best purchase ever!,1.0
05a9da15-1ce3-41fa-9a14-954a337d0722,2025-12-13 05:58:37.000000,Instagram,Amazing quality on the Neon X-1.,0.6000000000000001
e59544ba-2744-45b4-b677-c1519c26eb6f,2025-12-29 08:18:58.000000,Twitter,Love the new Neon X-1!,0.3352272727272727
54b1e715-fbd3-4c6a-a9bd-b164e74a6fb7,2025-12-30 07:27:15.000000,Twitter,TrendPulse brand is killing it!,0.0
f2dedeb3-5830-47b7-92fe-430e62ccfaca,2026-01-04 05:55:24.000000,Twitter,Best purchase ever!,1.0
63d611c3-d4ce-4288-b786-10741552c0b2,2025-12-30 02:48:20.000000,Twitter,Best purchase ever!,1.0
8149f6ee-d513-45b5-a300-3c551b4ab331,2026-01-02 09:18:56.000000,Reddit,Love the new Neon X-1!,0.3352272727272727
ed6c7210-c27c-4877-9d02-5f88b7c5f9b2,2025-12-19 21:48:53.000000,Twitter,Hate the delivery time for Neon X-1.,-0.8
fbb4899a-3564-4d46-ba0c-b3252aac7884,2025-12-13 08:30:07.000000,Twitter,Amazing quality on the SmartWatch Z.,0.6000000000000001
fe310ebc-713d-414a-96c0-c50f21011585,2025-12-21 11:43:44.000000,Twitter,Love the new Neon X-1!,0.3352272727272727
e6e52c38-37da-4a70-a6f0-8d7cf42c120e,2025-12-10 20:57:50.000000,Twitter,Amazing quality on the Neon X-1.,0.6000000000000001
c22d2a03-c7db-491a-87e6-c636012fd9d7,2026-01-08 07:43:06.000000,Reddit,Best purchase ever!,1.0
d5660f8b-4755-42a0-9d4c-d0b159a466ab,2026-01-03 07:15:12.000000,Instagram,Customer service is bad.,-0.6999999999999998
13effed9-642e-49cf-a3b1-263e586822a5,2025-12-26 07:15:30.000000,Twitter,Best purchase ever!,1.0
ef983bb5-9dbf-4955-812b-b057a9691a55,2025-12-11 22:50:04.000000,Reddit,Best purchase ever!,1.0
2daeaa87-5991-466f-80f9-2966a8cf8a55,2025-12-20 21:52:06.000000,Instagram,The Eco-Hoodie broke in two days.,0.0
29e45edc-4550-4086-ac91-545332124e6a,2025-12-21 00:20:31.000000,Instagram,Best purchase ever!,1.0
7c270a18-2ee7-4d9c-b770-f7ad35b50db7,2026-01-04 18:51:11.000000,Twitter,Amazing quality on the SmartWatch Z.,0.6000000000000001
4a7b3ae3-6a12-49bb-8485-18707077454e,2025-12-23 16:02:00.000000,Reddit,Hate the delivery time for SmartWatch Z.,-0.8
20850958-a45d-41a9-8c0d-a1f40e5b43d1,2025-12-13 22:45:34.000000,Reddit,Best purchase ever!,1.0
b17271c3-309d-45eb-84b5-31c408a98b6a,2025-12-30 16:45:59.000000,Instagram,TrendPulse brand is killing it!,0.0
9db5e0bb-86d9-4d06-9250-beaab8469dab,2025-12-23 09:38:56.000000,Reddit,Best purchase ever!,1.0
f3ed4e45-49bf-419f-b379-cdf284ae2a9a,2026-01-03 19:02:52.000000,Twitter,Waste of money.,-0.2
5be6295f-3184-4832-ab4d-2ef962d615d1,2025-12-24 11:59:21.000000,Instagram,Amazing quality on the Eco-Hoodie.,0.6000000000000001
fdc88fd5-676c-4db5-9908-93c95e8a6630,2025-12-16 23:23:57.000000,Instagram,Waste of money.,-0.2
1f9c9fd4-e2eb-4124-b57c-6e8efa8b94bf,2025-12-10 07:28:01.000000,Twitter,Best purchase ever!,1.0
37811ab8-a413-4c53-a446-d8cc49c0e56d,2026-01-08 01:29:34.000000,Twitter,Love the new Neon X-1!,0.3352272727272727
9695b1de-5e44-41cf-8100-9bdc24a52df1,2026-01-06 02:49:31.000000,Instagram,Love the new Eco-Hoodie!,0.3352272727272727
fb95da09-3202-4b2c-8a3a-54892a0fab93,2026-01-04 08:34:32.000000,Reddit,Hate the delivery time for Neon X-1.,-0.8
5ab54ed6-fe9a-4901-beca-2bac74832415,2026-01-03 14:54:47.000000,Reddit,Customer service is bad.,-0.6999999999999998
8309e530-2411-4f0a-a564-4879f022e0b8,2026-01-03 10:03:17.000000,Instagram,Hate the delivery time for Neon X-1.,-0.8
035e9448-12b4-482c-b208-d0139a3ed559,2025-12-15 08:49:50.000000,Reddit,Amazing quality on the Neon X-1.,0.6000000000000001
b02b847e-5fe3-4b03-9b52-e5ee857dd7e5,2025-12-29 16:57:23.000000,Twitter,TrendPulse brand is killing it!,0.0
0d4f1a14-4230-4e30-8f91-e05c5a2bf5af,2025-12-15 02:03:33.000000,Instagram,Amazing quality on the SmartWatch Z.,0.6000000000000001
2d2e756a-0b67-4abe-80bf-2547a48cd4f4,2026-01-07 15:09:10.000000,Reddit,Amazing quality on the Eco-Hoodie.,0.6000000000000001
54239a1b-3753-4968-afb8-3da977bdd463,2025-12-13 08:56:54.000000,Twitter,Hate the delivery time for Neon X-1.,-0.8
05aa5d59-d330-4e8a-8829-e2574dc8349e,2026-01-05 12:46:30.000000,Twitter,Love the new Eco-Hoodie!,0.3352272727272727
21cd3909-6dcc-48e4-8f46-b4117d05b91d,2025-12-23 23:58:18.000000,Instagram,TrendPulse brand is killing it!,0.0
05695243-338d-4a99-931c-ecb43137001d,2026-01-06 22:25:42.000000,Twitter,Amazing quality on the Neon X-1.,0.6000000000000001
793bd336-ff61-4543-93a6-8e781b09954d,2025-12-17 00:07:32.000000,Twitter,The Eco-Hoodie broke in two days.,0.0
2682e4f2-047d-4071-9bc3-81bd7e8f9e64,2025-12-16 23:47:05.000000,Instagram,Love the new Neon X-1!,0.3352272727272727
63a0a2a8-715c-491e-9c70-f6136090a870,2025-12-17 03:04:02.000000,Reddit,Hate the delivery time for SmartWatch Z.,-0.8
72ef4ae6-c62c-4dfd-be51-f077e60b6a0b,2025-12-11 14:00:12.000000,Reddit,The Neon X-1 broke in two days.,0.0
8644478b-ecb1-435c-b587-62d628a72831,2025-12-14 19:37:27.000000,Twitter,TrendPulse brand is killing it!,0.0
c90d41ee-af0d-49a7-b4d7-8954934a191e,2025-12-26 06:37:21.000000,Twitter,Love the new SmartWatch Z!,0.3352272727272727
234f19b1-b2e2-4333-a1bb-fb6df2a666d5,2025-12-20 18:53:17.000000,Reddit,TrendPulse brand is killing it!,0.0
b8c47ebe-8858-40da-a5b5-88fce0311d4f,2025-12-11 04:10:38.000000,Twitter,Hate the delivery time for SmartWatch Z.,-0.8
fa6ba935-39cd-4b08-bd18-736aacff0231,2025-12-14 12:48:03.000000,Instagram,Best purchase ever!,1.0
2b792f51-1af9-44e2-a226-fc9bd493ce1b,2025-12-22 07:12:42.000000,Reddit,TrendPulse brand is killing it!,0.0
a51c3ba9-328b-40ab-b7c2-080fc35ffe27,2025-12-13 03:50:29.000000,Reddit,Hate the delivery time for SmartWatch Z.,-0.8
0ae918ac-b0b9-49df-a5ca-b5d06aac0c11,2025-12-10 13:43:21.000000,Twitter,TrendPulse brand is killing it!,0.0
3d713f84-db96-4c7b-94ec-78291c16940b,2025-12-12 17:13:55.000000,Reddit,Love the new Neon X-1!,0.3352272727272727
dac3e940-d4c4-41cd-b11a-eb07847bb323,2026-01-01 01:57:59.000000,Reddit,Love the new Neon X-1!,0.3352272727272727
75bda420-3d30-4f86-9887-76f63dbaed2a,2025-12-22 14:07:08.000000,Reddit,Amazing quality on the SmartWatch Z.,0.6000000000000001
5c8c29da-37e1-4673-b448-b7d60b1d4c8c,2025-12-26 17:36:24.000000,Reddit,Amazing quality on the SmartWatch Z.,0.6000000000000001
f5f0ca30-f748-412b-b32a-9c3c0ef1bec2,2025-12-20 17:30:34.000000,Twitter,TrendPulse brand is killing it!,0.0
3c91b288-ba04-4962-9a9b-f713040edf7c,2025-12-30 22:04:15.000000,Reddit,Love the new SmartWatch Z!,0.3352272727272727
ee0d38bc-a703-4d1f-9c3b-42c37c1a7a6b,2025-12-18 22:38:55.000000,Twitter,Love the new Neon X-1!,0.3352272727272727
a9a8735f-0a56-4809-9158-2aac6a5b5f99,2025-12-22 23:15:51.000000,Instagram,Hate the delivery time for SmartWatch Z.,-0.8
2d6ae204-b7bd-40c6-9b8a-0104ca043c2b,2025-12-21 10:37:44.000000,Twitter,Waste of money.,-0.2
602b3e51-f098-4061-8857-d5612db7b170,2025-12-20 13:40:36.000000,Twitter,Love the new SmartWatch Z!,0.3352272727272727
101cb920-18c1-402a-ada8-919954b29161,2025-12-31 04:54:32.000000,Reddit,Waste of money.,-0.2
196a3158-2338-483f-8827-ceb3ed471e90,2025-12-24 22:52:56.000000,Twitter,Best purchase ever!,1.0
5f6232b8-9076-44db-abc0-e402913fd4ce,2025-12-25 16:02:26.000000,Twitter,The Eco-Hoodie broke in two days.,0.0
e19ac2e4-4804-469d-b05e-39626b3e432b,2026-01-01 17:14:43.000000,Twitter,The SmartWatch Z broke in two days.,0.0
6106ca9a-ef46-4184-b5ab-41bae3320d13,2025-12-30 16:25:11.000000,Instagram,Customer service is bad.,-0.6999999999999998
6b148800-bd3a-4bd8-abe8-c364f5d53fb1,2025-12-10 13:34:35.000000,Twitter,Love the new Eco-Hoodie!,0.3352272727272727
baefdbf2-72b3-4bbe-b730-fc0bd46e6ad2,2026-01-01 13:24:56.000000,Instagram,Hate the delivery time for Eco-Hoodie.,-0.8
d38a84b8-a9ce-486b-b120-55e9f150f17e,2025-12-30 17:00:09.000000,Reddit,Customer service is bad.,-0.6999999999999998
66fef324-0304-408c-9edb-0c25a73182f8,2025-12-21 01:38:19.000000,Twitter,Love the new Eco-Hoodie!,0.3352272727272727
d5908308-250c-4151-b22f-68fca5c88c23,2025-12-25 13:14:32.000000,Reddit,Love the new SmartWatch Z!,0.3352272727272727
c66af46f-8309-4a4a-8e2e-cca0800130e7,2026-01-02 22:33:05.000000,Twitter,Best purchase ever!,1.0
f41771ef-e182-458a-b0d5-31b8a41c302b,2025-12-21 00:00:22.000000,Reddit,Best purchase ever!,1.0
37f646b2-c078-4b3d-8b63-ea3dec56fab6,2025-12-17 17:36:59.000000,Reddit,Amazing quality on the SmartWatch Z.,0.6000000000000001
39dd2e2a-b5f9-45ed-b5a4-22745fabc522,2025-12-15 11:40:15.000000,Instagram,Best purchase ever!,1.0
2f67283b-2935-4128-85ff-ae2fe13ac653,2026-01-01 23:13:51.000000,Reddit,The SmartWatch Z broke in two days.,0.0
7df91a34-d4ed-4e71-97f2-213c7008c12f,2025-12-17 10:49:11.000000,Twitter,Best purchase ever!,1.0
c5e56339-9ddc-48c5-90e7-324e379b2866,2025-12-15 23:03:21.000000,Instagram,Best purchase ever!,1.0
7dd962a3-a10a-49d1-805e-ecdc2004140d,2025-12-31 14:58:27.000000,Reddit,Amazing quality on the Neon X-1.,0.6000000000000001
00d7b5da-bd19-4ed5-bd52-11ce2661eaec,2026-01-01 21:24:09.000000,Instagram,TrendPulse brand is killing it!,0.0
29948799-0739-4e34-95b9-d41d4e074d25,2025-12-17 05:03:55.000000,Twitter,Waste of money.,-0.2
dfb865a8-a00b-499c-b913-2a3636b21fa2,2025-12-23 22:06:32.000000,Instagram,Hate the delivery time for Neon X-1.,-0.8
7dfd4834-dc77-46fd-8e12-997a80840a1b,2025-12-18 06:53:13.000000,Reddit,Waste of money.,-0.2
335cdd2c-1163-4c59-b502-2b2ed32fa209,2025-12-29 21:00:49.000000,Twitter,Amazing quality on the SmartWatch Z.,0.6000000000000001
63b4e641-159e-4d36-975b-139e9703d684,2026-01-01 20:05:30.000000,Twitter,Love the new SmartWatch Z!,0.3352272727272727
f13b24a4-d109-4a29-9fd2-52f6db2396ae,2026-01-05 14:05:34.000000,Twitter,Love the new Neon X-1!,0.3352272727272727
69b02a92-9af9-4ca9-b34a-56a7293c0629,2026-01-07 09:57:36.000000,Instagram,Hate the delivery time for Eco-Hoodie.,-0.8
01514463-5eb8-4d12-8138-a77c983c640c,2025-12-17 12:26:24.000000,Twitter,TrendPulse brand is killing it!,0.0
617760ff-e990-46c5-9a0d-d2127875dd23,2025-12-18 18:30:10.000000,Instagram,Hate the delivery time for SmartWatch Z.,-0.8
77119234-807a-4fb6-bd9c-80151cf01787,2025-12-31 04:48:07.000000,Instagram,TrendPulse brand is killing it!,0.0
9244b174-f17d-4282-a8d6-5ac5be91e551,2025-12-20 12:23:35.000000,Twitter,TrendPulse brand is killing it!,0.0
c42b8077-5422-46cb-93e9-0b0045b877c7,2025-12-19 18:09:18.000000,Instagram,Amazing quality on the SmartWatch Z.,0.6000000000000001
808528df-4523-4a99-b2a8-5dc937cdbaed,2025-12-23 17:50:22.000000,Twitter,Customer service is bad.,-0.6999999999999998
